"","x"
"1","Aculeola nigra"
"2","Aculeola nigra"
"3","Aculeola nigra"
"4","Aculeola nigra"
"5","Aculeola nigra"
"6","Alopias pelagicus"
"7","Alopias pelagicus"
"8","Alopias pelagicus"
"9","Alopias pelagicus"
"10","Alopias pelagicus"
"11","Alopias superciliosus"
"12","Alopias superciliosus"
"13","Alopias superciliosus"
"14","Alopias superciliosus"
"15","Alopias superciliosus"
"16","Alopias vulpinus"
"17","Alopias vulpinus"
"18","Alopias vulpinus"
"19","Alopias vulpinus"
"20","Alopias vulpinus"
"21","Apristurus australis"
"22","Apristurus australis"
"23","Apristurus brunneus"
"24","Apristurus brunneus"
"25","Apristurus brunneus"
"26","Apristurus laurussonii"
"27","Apristurus laurussonii"
"28","Apristurus laurussonii"
"29","Apristurus macrorhynchus"
"30","Apristurus manis"
"31","Apristurus melanoasper"
"32","Apristurus platyrhynchus"
"33","Apristurus platyrhynchus"
"34","Apristurus profundorum"
"35","Apristurus profundorum"
"36","Apristurus profundorum"
"37","Apristurus sinensis"
"38","Asymbolus rubiginosus"
"39","Atelomycterus baliensis"
"40","Atelomycterus fasciatus"
"41","Atelomycterus marmoratus"
"42","Atelomycterus marmoratus"
"43","Atelomycterus marmoratus"
"44","Atelomycterus marnkalha"
"45","Atelomycterus marnkalha"
"46","Atelomycterus marnkalha"
"47","Aulohalaelurus labiosus"
"48","Brachaelurus colcloughi"
"49","Brachaelurus colcloughi"
"50","Brachaelurus waddi"
"51","Brachaelurus waddi"
"52","Brachaelurus waddi"
"53","Bythaelurus canescens"
"54","Bythaelurus canescens"
"55","Bythaelurus canescens"
"56","Bythaelurus canescens"
"57","Bythaelurus canescens"
"58","Bythaelurus dawsoni"
"59","Carcharhinus albimarginatus"
"60","Carcharhinus albimarginatus"
"61","Carcharhinus albimarginatus"
"62","Carcharhinus albimarginatus"
"63","Carcharhinus albimarginatus"
"64","Carcharhinus albimarginatus"
"65","Carcharhinus albimarginatus"
"66","Carcharhinus amblyrhynchos"
"67","Carcharhinus amblyrhynchos"
"68","Carcharhinus amblyrhynchos"
"69","Carcharhinus amblyrhynchos"
"70","Carcharhinus amblyrhynchos"
"71","Carcharhinus amblyrhynchos"
"72","Carcharhinus amblyrhynchos"
"73","Carcharhinus amblyrhynchos"
"74","Carcharhinus amblyrhynchos"
"75","Carcharhinus amblyrhynchos"
"76","Carcharhinus amblyrhynchos"
"77","Carcharhinus amblyrhynchos"
"78","Carcharhinus amblyrhynchos"
"79","Carcharhinus amblyrhynchos"
"80","Carcharhinus amblyrhynchos"
"81","Carcharhinus amblyrhynchos"
"82","Carcharhinus amblyrhynchos"
"83","Carcharhinus amblyrhynchos"
"84","Carcharhinus brachyurus"
"85","Carcharhinus brachyurus"
"86","Carcharhinus brachyurus"
"87","Carcharhinus brachyurus"
"88","Carcharhinus brachyurus"
"89","Carcharhinus falciformis"
"90","Carcharhinus falciformis"
"91","Carcharhinus falciformis"
"92","Carcharhinus falciformis"
"93","Carcharhinus falciformis"
"94","Carcharhinus falciformis"
"95","Carcharhinus falciformis"
"96","Carcharhinus falciformis"
"97","Carcharhinus falciformis"
"98","Carcharhinus falciformis"
"99","Carcharhinus leucas"
"100","Carcharhinus leucas"
"101","Carcharhinus leucas"
"102","Carcharhinus leucas"
"103","Carcharhinus leucas"
"104","Carcharhinus leucas"
"105","Carcharhinus leucas"
"106","Carcharhinus limbatus"
"107","Carcharhinus limbatus"
"108","Carcharhinus limbatus"
"109","Carcharhinus limbatus"
"110","Carcharhinus limbatus"
"111","Carcharhinus limbatus"
"112","Carcharhinus limbatus"
"113","Carcharhinus limbatus"
"114","Carcharhinus limbatus"
"115","Carcharhinus limbatus"
"116","Carcharhinus limbatus"
"117","Carcharhinus melanopterus"
"118","Carcharhinus melanopterus"
"119","Carcharhinus melanopterus"
"120","Carcharhinus melanopterus"
"121","Carcharhinus melanopterus"
"122","Carcharhinus melanopterus"
"123","Carcharhinus melanopterus"
"124","Carcharhinus melanopterus"
"125","Carcharhinus plumbeus"
"126","Carcharhinus plumbeus"
"127","Carcharhinus plumbeus"
"128","Carcharhinus plumbeus"
"129","Carcharhinus plumbeus"
"130","Carcharhinus plumbeus"
"131","Carcharhinus plumbeus"
"132","Carcharhinus sorrah"
"133","Carcharhinus sorrah"
"134","Carcharhinus sorrah"
"135","Carcharhinus sorrah"
"136","Carcharhinus sorrah"
"137","Carcharhinus sorrah"
"138","Carcharhinus tilstoni"
"139","Carcharhinus tilstoni"
"140","Carcharhinus tilstoni"
"141","Carcharias taurus"
"142","Carcharias taurus"
"143","Carcharias taurus"
"144","Carcharias taurus"
"145","Carcharias taurus"
"146","Carcharias taurus"
"147","Carcharias taurus"
"148","Carcharias taurus"
"149","Carcharias taurus"
"150","Carcharias taurus"
"151","Carcharias taurus"
"152","Carcharodon carcharias"
"153","Carcharodon carcharias"
"154","Carcharodon carcharias"
"155","Carcharodon carcharias"
"156","Carcharodon carcharias"
"157","Carcharodon carcharias"
"158","Carcharodon carcharias"
"159","Carcharodon carcharias"
"160","Carcharodon carcharias"
"161","Carcharodon carcharias"
"162","Carcharodon carcharias"
"163","Carcharodon carcharias"
"164","Carcharodon carcharias"
"165","Carcharodon carcharias"
"166","Carcharodon carcharias"
"167","Centrophorus atromarginatus"
"168","Centrophorus granulosus"
"169","Centrophorus granulosus"
"170","Centrophorus granulosus"
"171","Centrophorus granulosus"
"172","Centrophorus granulosus"
"173","Centrophorus harrissoni"
"174","Centrophorus isodon"
"175","Centrophorus moluccensis"
"176","Centrophorus squamosus"
"177","Centrophorus squamosus"
"178","Centrophorus squamosus"
"179","Centrophorus zeehaani"
"180","Centrophorus zeehaani"
"181","Centroscyllium fabricii"
"182","Centroscyllium fabricii"
"183","Centroscyllium fabricii"
"184","Centroscyllium granulatum"
"185","Centroscyllium granulatum"
"186","Centroscyllium granulatum"
"187","Centroscyllium granulatum"
"188","Centroscyllium granulatum"
"189","Centroscyllium nigrum"
"190","Centroscyllium nigrum"
"191","Centroscyllium ritteri"
"192","Centroscymnus coelolepis"
"193","Centroscymnus coelolepis"
"194","Centroscymnus coelolepis"
"195","Centroscymnus owstonii"
"196","Centroscymnus owstonii"
"197","Centroscymnus owstonii"
"198","Centroselachus crepidater"
"199","Centroselachus crepidater"
"200","Centroselachus crepidater"
"201","Cephaloscyllium hiscosellum"
"202","Cephaloscyllium laticeps"
"203","Cephaloscyllium laticeps"
"204","Cephaloscyllium silasi"
"205","Cephaloscyllium silasi"
"206","Cephaloscyllium umbratile"
"207","Cephaloscyllium variegatum"
"208","Cephaloscyllium variegatum"
"209","Cephaloscyllium variegatum"
"210","Cephaloscyllium variegatum"
"211","Cephaloscyllium ventriosum"
"212","Cephaloscyllium ventriosum"
"213","Cephaloscyllium ventriosum"
"214","Cetorhinus maximus"
"215","Cetorhinus maximus"
"216","Cetorhinus maximus"
"217","Cetorhinus maximus"
"218","Cetorhinus maximus"
"219","Cetorhinus maximus"
"220","Cetorhinus maximus"
"221","Chaenogaleus macrostoma"
"222","Chaenogaleus macrostoma"
"223","Chaenogaleus macrostoma"
"224","Chaenogaleus macrostoma"
"225","Chaenogaleus macrostoma"
"226","Chaenogaleus macrostoma"
"227","Chaenogaleus macrostoma"
"228","Chiloscyllium griseum"
"229","Chiloscyllium griseum"
"230","Chiloscyllium griseum"
"231","Chiloscyllium griseum"
"232","Chiloscyllium griseum"
"233","Chiloscyllium griseum"
"234","Chiloscyllium griseum"
"235","Chiloscyllium griseum"
"236","Chiloscyllium griseum"
"237","Chiloscyllium hasseltii"
"238","Chiloscyllium hasseltii"
"239","Chiloscyllium indicum"
"240","Chiloscyllium plagiosum"
"241","Chiloscyllium plagiosum"
"242","Chiloscyllium plagiosum"
"243","Chiloscyllium plagiosum"
"244","Chiloscyllium plagiosum"
"245","Chiloscyllium plagiosum"
"246","Chiloscyllium punctatum"
"247","Chiloscyllium punctatum"
"248","Chiloscyllium punctatum"
"249","Chiloscyllium punctatum"
"250","Chiloscyllium punctatum"
"251","Chiloscyllium punctatum"
"252","Chiloscyllium punctatum"
"253","Chiloscyllium punctatum"
"254","Chiloscyllium punctatum"
"255","Chiloscyllium punctatum"
"256","Chiloscyllium punctatum"
"257","Chiloscyllium punctatum"
"258","Chiloscyllium punctatum"
"259","Chiloscyllium punctatum"
"260","Chlamydoselachus anguineus"
"261","Chlamydoselachus anguineus"
"262","Chlamydoselachus anguineus"
"263","Chlamydoselachus anguineus"
"264","Chlamydoselachus anguineus"
"265","Cirrhigaleus asper"
"266","Cirrhigaleus asper"
"267","Cirrhigaleus asper"
"268","Cirrhigaleus australis"
"269","Cirrhigaleus australis"
"270","Cirrhigaleus barbifer"
"271","Cirrhigaleus barbifer"
"272","Dalatias licha"
"273","Dalatias licha"
"274","Dalatias licha"
"275","Dalatias licha"
"276","Deania hystricosa"
"277","Deania hystricosa"
"278","Deania profundorum"
"279","Deania profundorum"
"280","Deania profundorum"
"281","Deania quadrispinosa"
"282","Echinorhinus brucus"
"283","Echinorhinus brucus"
"284","Echinorhinus brucus"
"285","Echinorhinus brucus"
"286","Echinorhinus brucus"
"287","Echinorhinus cookei"
"288","Echinorhinus cookei"
"289","Echinorhinus cookei"
"290","Echinorhinus cookei"
"291","Etmopterus brachyurus"
"292","Etmopterus brachyurus"
"293","Etmopterus brachyurus"
"294","Etmopterus brachyurus"
"295","Etmopterus granulosus"
"296","Etmopterus granulosus"
"297","Etmopterus granulosus"
"298","Etmopterus granulosus"
"299","Etmopterus granulosus"
"300","Etmopterus lucifer"
"301","Etmopterus lucifer"
"302","Etmopterus molleri"
"303","Etmopterus polli"
"304","Etmopterus polli"
"305","Etmopterus princeps"
"306","Etmopterus princeps"
"307","Etmopterus princeps"
"308","Etmopterus princeps"
"309","Etmopterus pusillus"
"310","Etmopterus pusillus"
"311","Etmopterus pusillus"
"312","Etmopterus pusillus"
"313","Etmopterus schultzi"
"314","Etmopterus schultzi"
"315","Etmopterus schultzi"
"316","Etmopterus spinax"
"317","Etmopterus spinax"
"318","Etmopterus spinax"
"319","Etmopterus spinax"
"320","Etmopterus spinax"
"321","Etmopterus spinax"
"322","Etmopterus spinax"
"323","Etmopterus spinax"
"324","Etmopterus unicolor"
"325","Eucrossorhinus dasypogon"
"326","Eucrossorhinus dasypogon"
"327","Euprotomicrus bispinatus"
"328","Eusphyra blochii"
"329","Eusphyra blochii"
"330","Figaro boardmani"
"331","Furgaleus macki"
"332","Galeocerdo cuvier"
"333","Galeocerdo cuvier"
"334","Galeocerdo cuvier"
"335","Galeocerdo cuvier"
"336","Galeocerdo cuvier"
"337","Galeocerdo cuvier"
"338","Galeocerdo cuvier"
"339","Galeocerdo cuvier"
"340","Galeocerdo cuvier"
"341","Galeocerdo cuvier"
"342","Galeocerdo cuvier"
"343","Galeocerdo cuvier"
"344","Galeocerdo cuvier"
"345","Galeocerdo cuvier"
"346","Galeocerdo cuvier"
"347","Galeocerdo cuvier"
"348","Galeocerdo cuvier"
"349","Galeocerdo cuvier"
"350","Galeocerdo cuvier"
"351","Galeocerdo cuvier"
"352","Galeorhinus galeus"
"353","Galeorhinus galeus"
"354","Galeorhinus galeus"
"355","Galeorhinus galeus"
"356","Galeorhinus galeus"
"357","Galeorhinus galeus"
"358","Galeorhinus galeus"
"359","Galeus arae"
"360","Galeus atlanticus"
"361","Galeus eastmani"
"362","Galeus eastmani"
"363","Galeus melastomus"
"364","Galeus melastomus"
"365","Galeus melastomus"
"366","Galeus melastomus"
"367","Galeus melastomus"
"368","Galeus melastomus"
"369","Galeus melastomus"
"370","Galeus murinus"
"371","Galeus murinus"
"372","Galeus polli"
"373","Galeus sauteri"
"374","Ginglymostoma cirratum"
"375","Ginglymostoma cirratum"
"376","Ginglymostoma cirratum"
"377","Ginglymostoma cirratum"
"378","Ginglymostoma cirratum"
"379","Ginglymostoma cirratum"
"380","Ginglymostoma cirratum"
"381","Ginglymostoma cirratum"
"382","Ginglymostoma cirratum"
"383","Ginglymostoma cirratum"
"384","Ginglymostoma cirratum"
"385","Ginglymostoma cirratum"
"386","Glyphis gangeticus"
"387","Glyphis glyphis"
"388","Glyphis glyphis"
"389","Gollum attenuatus"
"390","Gollum attenuatus"
"391","Gollum attenuatus"
"392","Halaelurus lineatus"
"393","Halaelurus natalensis"
"394","Halaelurus natalensis"
"395","Haploblepharus edwardsii"
"396","Haploblepharus edwardsii"
"397","Haploblepharus edwardsii"
"398","Hemigaleus australiensis"
"399","Hemigaleus australiensis"
"400","Hemigaleus microstoma"
"401","Hemigaleus microstoma"
"402","Hemigaleus microstoma"
"403","Hemipristis elongata"
"404","Hemipristis elongata"
"405","Hemipristis elongata"
"406","Hemiscyllium ocellatum"
"407","Hemiscyllium ocellatum"
"408","Hemiscyllium ocellatum"
"409","Hemitriakis falcata"
"410","Hemitriakis japanica"
"411","Hemitriakis leucoperiptera"
"412","Heptranchias perlo"
"413","Heptranchias perlo"
"414","Heptranchias perlo"
"415","Heptranchias perlo"
"416","Heptranchias perlo"
"417","Heterodontus francisci"
"418","Heterodontus francisci"
"419","Heterodontus francisci"
"420","Heterodontus francisci"
"421","Heterodontus francisci"
"422","Heterodontus francisci"
"423","Heterodontus francisci"
"424","Heterodontus francisci"
"425","Heterodontus galeatus"
"426","Heterodontus galeatus"
"427","Heterodontus mexicanus"
"428","Heterodontus mexicanus"
"429","Heterodontus mexicanus"
"430","Heterodontus portusjacksoni"
"431","Heterodontus portusjacksoni"
"432","Heterodontus portusjacksoni"
"433","Heterodontus portusjacksoni"
"434","Heterodontus portusjacksoni"
"435","Heterodontus portusjacksoni"
"436","Heterodontus zebra"
"437","Heterodontus zebra"
"438","Heterodontus zebra"
"439","Hexanchus griseus"
"440","Hexanchus griseus"
"441","Hexanchus griseus"
"442","Hexanchus griseus"
"443","Hexanchus griseus"
"444","Hexanchus griseus"
"445","Hexanchus griseus"
"446","Hexanchus griseus"
"447","Hexanchus griseus"
"448","Holohalaelurus regani"
"449","Holohalaelurus regani"
"450","Hypogaleus hyugaensis"
"451","Hypogaleus hyugaensis"
"452","Hypogaleus hyugaensis"
"453","Iago garricki"
"454","Iago omanensis"
"455","Isistius brasiliensis"
"456","Isistius brasiliensis"
"457","Isistius brasiliensis"
"458","Isistius brasiliensis"
"459","Isurus oxyrinchus"
"460","Isurus oxyrinchus"
"461","Isurus oxyrinchus"
"462","Isurus oxyrinchus"
"463","Isurus oxyrinchus"
"464","Isurus oxyrinchus"
"465","Isurus oxyrinchus"
"466","Isurus oxyrinchus"
"467","Isurus oxyrinchus"
"468","Isurus oxyrinchus"
"469","Isurus oxyrinchus"
"470","Isurus oxyrinchus"
"471","Isurus oxyrinchus"
"472","Isurus oxyrinchus"
"473","Isurus oxyrinchus"
"474","Isurus oxyrinchus"
"475","Isurus oxyrinchus"
"476","Isurus oxyrinchus"
"477","Isurus oxyrinchus"
"478","Isurus oxyrinchus"
"479","Isurus paucus"
"480","Isurus paucus"
"481","Isurus paucus"
"482","Isurus paucus"
"483","Isurus paucus"
"484","Lamiopsis temminckii"
"485","Lamna ditropis"
"486","Lamna ditropis"
"487","Lamna nasus"
"488","Lamna nasus"
"489","Lamna nasus"
"490","Lamna nasus"
"491","Lamna nasus"
"492","Lamna nasus"
"493","Lamna nasus"
"494","Lamna nasus"
"495","Loxodon macrorhinus"
"496","Loxodon macrorhinus"
"497","Loxodon macrorhinus"
"498","Megachasma pelagios"
"499","Megachasma pelagios"
"500","Megachasma pelagios"
"501","Megachasma pelagios"
"502","Megachasma pelagios"
"503","Megachasma pelagios"
"504","Megachasma pelagios"
"505","Megachasma pelagios"
"506","Mitsukurina owstoni"
"507","Mitsukurina owstoni"
"508","Mitsukurina owstoni"
"509","Mitsukurina owstoni"
"510","Mitsukurina owstoni"
"511","Mitsukurina owstoni"
"512","Mustelus antarcticus"
"513","Mustelus antarcticus"
"514","Mustelus asterias"
"515","Mustelus asterias"
"516","Mustelus asterias"
"517","Mustelus asterias"
"518","Mustelus asterias"
"519","Mustelus asterias"
"520","Mustelus asterias"
"521","Mustelus asterias"
"522","Mustelus asterias"
"523","Mustelus asterias"
"524","Mustelus californicus"
"525","Mustelus californicus"
"526","Mustelus californicus"
"527","Mustelus californicus"
"528","Mustelus canis"
"529","Mustelus canis"
"530","Mustelus canis"
"531","Mustelus canis"
"532","Mustelus canis"
"533","Mustelus canis"
"534","Mustelus henlei"
"535","Mustelus henlei"
"536","Mustelus henlei"
"537","Mustelus henlei"
"538","Mustelus henlei"
"539","Mustelus henlei"
"540","Mustelus lenticulatus"
"541","Mustelus lenticulatus"
"542","Mustelus lenticulatus"
"543","Mustelus manazo"
"544","Mustelus manazo"
"545","Mustelus mustelus"
"546","Mustelus mustelus"
"547","Mustelus mustelus"
"548","Mustelus mustelus"
"549","Mustelus mustelus"
"550","Mustelus mustelus"
"551","Mustelus mustelus"
"552","Mustelus punctulatus"
"553","Mustelus schmitti"
"554","Mustelus schmitti"
"555","Mustelus schmitti"
"556","Mustelus schmitti"
"557","Nasolamia velox"
"558","Nebrius ferrugineus"
"559","Nebrius ferrugineus"
"560","Negaprion acutidens"
"561","Negaprion acutidens"
"562","Negaprion acutidens"
"563","Negaprion acutidens"
"564","Negaprion acutidens"
"565","Negaprion brevirostris"
"566","Negaprion brevirostris"
"567","Negaprion brevirostris"
"568","Negaprion brevirostris"
"569","Notorynchus cepedianus"
"570","Notorynchus cepedianus"
"571","Notorynchus cepedianus"
"572","Notorynchus cepedianus"
"573","Notorynchus cepedianus"
"574","Notorynchus cepedianus"
"575","Notorynchus cepedianus"
"576","Notorynchus cepedianus"
"577","Notorynchus cepedianus"
"578","Odontaspis noronhai"
"579","Odontaspis noronhai"
"580","Odontaspis noronhai"
"581","Odontaspis noronhai"
"582","Orectolobus japonicus"
"583","Orectolobus japonicus"
"584","Orectolobus japonicus"
"585","Orectolobus maculatus"
"586","Orectolobus maculatus"
"587","Orectolobus maculatus"
"588","Orectolobus maculatus"
"589","Orectolobus ornatus"
"590","Orectolobus ornatus"
"591","Oxynotus bruniensis"
"592","Oxynotus centrina"
"593","Oxynotus centrina"
"594","Oxynotus centrina"
"595","Oxynotus centrina"
"596","Oxynotus centrina"
"597","Oxynotus paradoxus"
"598","Oxynotus paradoxus"
"599","Oxynotus paradoxus"
"600","Oxynotus paradoxus"
"601","Oxynotus paradoxus"
"602","Oxynotus paradoxus"
"603","Oxynotus paradoxus"
"604","Paragaleus pectoralis"
"605","Parascyllium collare"
"606","Parmaturus xaniurus"
"607","Parmaturus xaniurus"
"608","Pliotrema warreni"
"609","Pliotrema warreni"
"610","Poroderma africanum"
"611","Poroderma africanum"
"612","Poroderma africanum"
"613","Poroderma pantherinum"
"614","Poroderma pantherinum"
"615","Poroderma pantherinum"
"616","Poroderma pantherinum"
"617","Prionace glauca"
"618","Prionace glauca"
"619","Prionace glauca"
"620","Prionace glauca"
"621","Prionace glauca"
"622","Prionace glauca"
"623","Prionace glauca"
"624","Prionace glauca"
"625","Prionace glauca"
"626","Prionace glauca"
"627","Prionace glauca"
"628","Prionace glauca"
"629","Prionace glauca"
"630","Prionace glauca"
"631","Prionace glauca"
"632","Prionace glauca"
"633","Prionace glauca"
"634","Prionace glauca"
"635","Prionace glauca"
"636","Prionace glauca"
"637","Pristiophorus cirratus"
"638","Pristiophorus japonicus"
"639","Pristiophorus japonicus"
"640","Pristiophorus nudipinnis"
"641","Proscyllium habereri"
"642","Proscyllium habereri"
"643","Pseudocarcharias kamoharai"
"644","Pseudocarcharias kamoharai"
"645","Pseudocarcharias kamoharai"
"646","Pseudocarcharias kamoharai"
"647","Pseudocarcharias kamoharai"
"648","Pseudocarcharias kamoharai"
"649","Pseudoginglymostoma brevicaudatum"
"650","Pseudotriakis microdon"
"651","Pseudotriakis microdon"
"652","Rhincodon typus"
"653","Rhincodon typus"
"654","Rhincodon typus"
"655","Rhincodon typus"
"656","Rhincodon typus"
"657","Rhincodon typus"
"658","Rhincodon typus"
"659","Rhincodon typus"
"660","Rhincodon typus"
"661","Rhincodon typus"
"662","Rhincodon typus"
"663","Rhincodon typus"
"664","Rhincodon typus"
"665","Rhincodon typus"
"666","Rhincodon typus"
"667","Rhincodon typus"
"668","Rhincodon typus"
"669","Rhincodon typus"
"670","Rhincodon typus"
"671","Rhincodon typus"
"672","Rhincodon typus"
"673","Rhincodon typus"
"674","Rhincodon typus"
"675","Rhincodon typus"
"676","Rhincodon typus"
"677","Rhincodon typus"
"678","Rhincodon typus"
"679","Rhincodon typus"
"680","Rhizoprionodon acutus"
"681","Rhizoprionodon acutus"
"682","Rhizoprionodon acutus"
"683","Rhizoprionodon acutus"
"684","Rhizoprionodon acutus"
"685","Rhizoprionodon acutus"
"686","Rhizoprionodon acutus"
"687","Rhizoprionodon acutus"
"688","Rhizoprionodon acutus"
"689","Rhizoprionodon acutus"
"690","Rhizoprionodon lalandii"
"691","Rhizoprionodon lalandii"
"692","Rhizoprionodon lalandii"
"693","Rhizoprionodon lalandii"
"694","Rhizoprionodon longurio"
"695","Rhizoprionodon longurio"
"696","Rhizoprionodon oligolinx"
"697","Rhizoprionodon oligolinx"
"698","Rhizoprionodon porosus"
"699","Rhizoprionodon porosus"
"700","Rhizoprionodon porosus"
"701","Rhizoprionodon porosus"
"702","Rhizoprionodon taylori"
"703","Rhizoprionodon taylori"
"704","Rhizoprionodon taylori"
"705","Rhizoprionodon terraenovae"
"706","Rhizoprionodon terraenovae"
"707","Rhizoprionodon terraenovae"
"708","Rhizoprionodon terraenovae"
"709","Schroederichthys bivius"
"710","Schroederichthys bivius"
"711","Schroederichthys bivius"
"712","Schroederichthys bivius"
"713","Scoliodon laticaudus"
"714","Scoliodon laticaudus"
"715","Scoliodon laticaudus"
"716","Scyliorhinus canicula"
"717","Scyliorhinus canicula"
"718","Scyliorhinus canicula"
"719","Scyliorhinus canicula"
"720","Scyliorhinus canicula"
"721","Scyliorhinus canicula"
"722","Scyliorhinus canicula"
"723","Scyliorhinus canicula"
"724","Scyliorhinus canicula"
"725","Scyliorhinus canicula"
"726","Scyliorhinus canicula"
"727","Scyliorhinus canicula"
"728","Scyliorhinus canicula"
"729","Scyliorhinus capensis"
"730","Scyliorhinus capensis"
"731","Scyliorhinus capensis"
"732","Scyliorhinus retifer"
"733","Scyliorhinus retifer"
"734","Scyliorhinus retifer"
"735","Scyliorhinus retifer"
"736","Scyliorhinus stellaris"
"737","Scyliorhinus stellaris"
"738","Scyliorhinus stellaris"
"739","Scyliorhinus stellaris"
"740","Scyliorhinus stellaris"
"741","Scyliorhinus stellaris"
"742","Scyliorhinus stellaris"
"743","Scyliorhinus torazame"
"744","Scylliogaleus quecketti"
"745","Scymnodon ringens"
"746","Scymnodon ringens"
"747","Somniosus antarcticus"
"748","Somniosus antarcticus"
"749","Somniosus antarcticus"
"750","Somniosus antarcticus"
"751","Somniosus microcephalus"
"752","Somniosus microcephalus"
"753","Somniosus microcephalus"
"754","Somniosus microcephalus"
"755","Somniosus microcephalus"
"756","Somniosus microcephalus"
"757","Somniosus pacificus"
"758","Somniosus pacificus"
"759","Somniosus rostratus"
"760","Somniosus rostratus"
"761","Sphyrna corona"
"762","Sphyrna corona"
"763","Sphyrna lewini"
"764","Sphyrna lewini"
"765","Sphyrna lewini"
"766","Sphyrna lewini"
"767","Sphyrna lewini"
"768","Sphyrna lewini"
"769","Sphyrna lewini"
"770","Sphyrna lewini"
"771","Sphyrna lewini"
"772","Sphyrna lewini"
"773","Sphyrna lewini"
"774","Sphyrna lewini"
"775","Sphyrna lewini"
"776","Sphyrna lewini"
"777","Sphyrna lewini"
"778","Sphyrna lewini"
"779","Sphyrna lewini"
"780","Sphyrna lewini"
"781","Sphyrna lewini"
"782","Sphyrna lewini"
"783","Sphyrna lewini"
"784","Sphyrna lewini"
"785","Sphyrna lewini"
"786","Sphyrna lewini"
"787","Sphyrna lewini"
"788","Sphyrna lewini"
"789","Sphyrna lewini"
"790","Sphyrna lewini"
"791","Sphyrna lewini"
"792","Sphyrna media"
"793","Sphyrna media"
"794","Sphyrna media"
"795","Sphyrna media"
"796","Sphyrna mokarran"
"797","Sphyrna mokarran"
"798","Sphyrna mokarran"
"799","Sphyrna mokarran"
"800","Sphyrna mokarran"
"801","Sphyrna mokarran"
"802","Sphyrna mokarran"
"803","Sphyrna mokarran"
"804","Sphyrna mokarran"
"805","Sphyrna mokarran"
"806","Sphyrna mokarran"
"807","Sphyrna tiburo"
"808","Sphyrna tiburo"
"809","Sphyrna tiburo"
"810","Sphyrna tiburo"
"811","Sphyrna tiburo"
"812","Sphyrna tudes"
"813","Sphyrna zygaena"
"814","Sphyrna zygaena"
"815","Sphyrna zygaena"
"816","Sphyrna zygaena"
"817","Sphyrna zygaena"
"818","Sphyrna zygaena"
"819","Sphyrna zygaena"
"820","Sphyrna zygaena"
"821","Sphyrna zygaena"
"822","Sphyrna zygaena"
"823","Sphyrna zygaena"
"824","Sphyrna zygaena"
"825","Sphyrna zygaena"
"826","Sphyrna zygaena"
"827","Sphyrna zygaena"
"828","Sphyrna zygaena"
"829","Squaliolus aliae"
"830","Squaliolus laticaudus"
"831","Squaliolus laticaudus"
"832","Squaliolus laticaudus"
"833","Squaliolus laticaudus"
"834","Squaliolus laticaudus"
"835","Squalus acanthias"
"836","Squalus acanthias"
"837","Squalus acanthias"
"838","Squalus acanthias"
"839","Squalus acanthias"
"840","Squalus acanthias"
"841","Squalus acanthias"
"842","Squalus acanthias"
"843","Squalus acanthias"
"844","Squalus acanthias"
"845","Squalus acanthias"
"846","Squalus acanthias"
"847","Squalus acanthias"
"848","Squalus brevirostris"
"849","Squalus brevirostris"
"850","Squalus cubensis"
"851","Squalus cubensis"
"852","Squalus grahami"
"853","Squalus japonicus"
"854","Squalus japonicus"
"855","Squalus megalops"
"856","Squalus megalops"
"857","Squalus megalops"
"858","Squalus mitsukurii"
"859","Squalus mitsukurii"
"860","Squalus mitsukurii"
"861","Squalus mitsukurii"
"862","Squalus mitsukurii"
"863","Squalus mitsukurii"
"864","Squalus montalbani"
"865","Squalus suckleyi"
"866","Squatina aculeata"
"867","Squatina africana"
"868","Squatina africana"
"869","Squatina africana"
"870","Squatina africana"
"871","Squatina albipunctata"
"872","Squatina albipunctata"
"873","Squatina australis"
"874","Squatina australis"
"875","Squatina californica"
"876","Squatina californica"
"877","Squatina californica"
"878","Squatina californica"
"879","Squatina californica"
"880","Squatina californica"
"881","Squatina californica"
"882","Squatina dumeril"
"883","Squatina dumeril"
"884","Squatina dumeril"
"885","Squatina dumeril"
"886","Squatina dumeril"
"887","Squatina guggenheim"
"888","Squatina guggenheim"
"889","Squatina guggenheim"
"890","Squatina guggenheim"
"891","Squatina guggenheim"
"892","Squatina guggenheim"
"893","Squatina guggenheim"
"894","Squatina japonica"
"895","Squatina squatina"
"896","Squatina squatina"
"897","Squatina squatina"
"898","Squatina squatina"
"899","Squatina squatina"
"900","Squatina tergocellata"
"901","Squatina tergocellata"
"902","Squatina tergocellata"
"903","Sutorectus tentaculatus"
"904","Sutorectus tentaculatus"
"905","Triaenodon obesus"
"906","Triaenodon obesus"
"907","Triaenodon obesus"
"908","Triaenodon obesus"
"909","Triaenodon obesus"
"910","Triaenodon obesus"
"911","Triaenodon obesus"
"912","Triaenodon obesus"
"913","Triaenodon obesus"
"914","Triaenodon obesus"
"915","Triaenodon obesus"
"916","Triaenodon obesus"
"917","Triakis megalopterus"
"918","Triakis megalopterus"
"919","Triakis megalopterus"
"920","Triakis scyllium"
"921","Triakis semifasciata"
"922","Triakis semifasciata"
"923","Triakis semifasciata"
"924","Triakis semifasciata"
"925","Triakis semifasciata"
"926","Triakis semifasciata"
"927","Triakis semifasciata"
"928","Trigonognathus kabeyai"
"929","Trigonognathus kabeyai"
"930","Zameus squamulosus"
"931","Zameus squamulosus"
"932","Zameus squamulosus"
"933","Zameus squamulosus"
"934","Zameus squamulosus"
"935","Zameus squamulosus"
